name,dob,email
John Smith,1990-09-01,john.smith@example.com
Jane Doe,1985-03-15,jane.doe@example.com
Ravi Singh,1992-09-01,ravi.singh@example.com
Alice Brown,1988-12-25,alice.brown@example.com
Bob Kumar,1995-07-04,bob.kumar@example.com
Priya Sharma,1993-09-01,priya.sharma@example.com
Michael Lee,1987-11-30,michael.lee@example.com
Deepa Nair,1991-06-18,deepa.nair@example.com
Ananya Verma,1994-09-01,ananya.verma@example.com
Sneha Patel,1989-02-14,sneha.patel@example.com
Kavya Reddy,1996-05-22,kavya.reddy@example.com
Meera Iyer,1990-08-10,meera.iyer@example.com
Pooja Joshi,1993-04-03,pooja.joshi@example.com
Ritika Gupta,1988-11-17,ritika.gupta@example.com
Ishita Bose,1995-01-29,ishita.bose@example.com
Nandini Rao,1991-07-07,nandini.rao@example.com
Sana Malik,1992-09-01,sana.malik@example.com
Ayesha Khan,1990-03-20,ayesha.khan@example.com
Fatima Zahra,1994-06-15,fatima.zahra@example.com
Zara Ahmed,1988-09-01,zara.ahmed@example.com
Nadia Hussain,1993-12-11,nadia.hussain@example.com
Mariam Qureshi,1991-10-05,mariam.qureshi@example.com
Hina Baig,1989-04-28,hina.baig@example.com
Amna Siddiqui,1995-08-19,amna.siddiqui@example.com
Sadia Farooq,1987-02-09,sadia.farooq@example.com
Test Birthday,1990-09-13,test.birthday@example.com
